number,artwork,artist,year_of_production,year_of_installation,material,location,address,commissioner_owner,maintenance_responsibility,remarks,sources,category,contact
1,Maskenbrunnen,Hermann Sörensen,,1967,Kupfer,Fritz-Wempner-Platz,Fritz-Wempner-Platz,,,,,Kunst Fl,
4,Lichtstele,Uwe Appold,,1998,Edelstahl V2A,Süderhofenden Verkehrsinsel am ZOB,Süderhofenden 1,,,Beleuchtung seit geraumer Zeit defekt,Infomappe v. U. Appold,Kunst Fl,
9,Betonfiguren,,,,Beton,"Fördegymnasium, Schulhof",Elbestraße 10,,,,,Kunst Fl,
10,Relief mit Schriftzug Fördegymnasium ,,,,Beton,"Fördegymnasium, Eingang",Elbestraße 10,,,,,Kunst Fl,
19,Ringförmiges Leuchtobjekt,Birgit Jensen,,2000,Aluminium?,Fridtjof-Nansen-Schule (ehemals IGS),Elbestraße 20,Stadt FL,,,,Kunst Fl,"Hr. Halbe, Schulleitung"
23,3 Radierungen,Ekkehard Thieme,1995,2001,,"Rathaus, Flur, Etage H",Rathausplatz 1,Museumsberg Flensburg,Museumsberg,Beim Museum inventarisiert ,,(Kunst Fl),
35,Glasmalerei,Beate Wassermann,,2010,Farbe auf Glas,"Schule Engelsby, Pausenhalle/Aula",Brahmsstraße 2-4,Stadt FL,,,,Kunst Fl,Hr. Buchgeister
36,"""Alter Friedhof""",Rolf Gerhard,,2010,,"Rathaus, Büro der Stadtpräsidentin",Rathausplatz 1,Museumsberg Flensburg,Museumsberg,beim Museum inventarisiert,,(Kunst Fl),
41,5 Porträts der Schulleiter,,,,Öl auf Leinwand,"Goethe-Schule, Archiv",Bismarckstraße 41,,,,,(Kunst Fl),Ragna Schepke
50,Betonreliefs/Fassadengestaltung,,,,Beton,Comeniusschule,Drosselweg 12,,,,,Kunst Fl,
53,3 Standbilder,,,,Kalkstein?,"Fachschule für Technik und Gestaltung, Freifläche, Hof ",Schützenkuhle 20-24,,,,,Kunst Fl,"Hr. Ageley, Hausmeister"
54,"""Oktogonales Zentrum"", Skulpturen",Uwe Appold,,1986,"Balmoral Granit/Finnland, coarse grained/grobkörnig, COR-TEN-Stahl, Edelstahl/V2A, einbrennbeschichtet und geschliffen","Hannah-Arendt-Schule und Eckener Schule, Schulhof",Friesische Lücke 17,,,Wettbewerbsarbeit 1986,Infomappe v. U. Appold,Kunst Fl,Hr. Conrad
57,"""Gruppenverhalten"", Skulptur",Georg Engst,,1982,Bronze,"Gemeinschaftsschule West, Schulhof",Friesische Lücke 7,Schule selbst,,,,Kunst Fl,
69,"""Betonreliefs für zwei Balkons""",Uwe Appold,,1967,Beton,an  2 Balkonen eines Wohnhauses,Mommsenstraße 54,privat,,,Infomappe v. U. Appold,Kunst privat,
76,Nockenwelle,Uwe Appold,,1993,Stahl,Klärwerk Kielseng,Kielseng 17,,,,Infomappe v. U. Appold,Kunst Fl,
82,"Farb- und Gestaltungskonzept für die Gemeinschaft in der evangelischen Kirche: Außenbereich, Leuchttransparente, Kreuze, Wandgestaltung, Raumgestaltung, Garderobe",Uwe Appold,,2011,"Acrylfarbe, Modellierpaste, Blattgold, Silber",Gemeindezentrum der  Gemeinschaft in der evangelischen Kirche,Südergraben 28,Gemeinschaft in der evangelischen Kirche,,,,Kunst Kirche ,
83,Grenzstein Flensburg/Harrislee ,Karen Peschke,1989,2014,Sandstein,Stadtgrenze Wasserslebener Strand,Apenrader Chaussee,,,,,Kunst Fl,
84,"Skulptur, Tore",Max Bill,,1993/94,Marmor,Agentur für Arbeit,Waldstraße 2,Bundesrepublik Deutschland (?),,,,Kunst BRD,
85,Glasfenster,Ernst Günter Hansing,,1959,,St.-Jürgen-Kirche,Jürgensgaarder Straße 2,Ev.-luth. Kirchengemeinde St. Jürgen,,,,Denkmal Kirche,
86,Glasfenster,Ernst Günter Hansing,,1960,,St.-Paulus-Kirche,Diblerstraße 4,Ev.-luth. Kirchengemeinde St. Paulus,,,,Kunst Kirche,
87,Glasfenster,Ernst Günter Hansing,,1959/61,,"Universität Flensburg, Pädagogische Hochschule, sog. Krypta",Auf dem Campus ?,,,"vormals in der PH -""Krypta"", heutiger Standort?",,Kunst Kirche,
88,"Glasfenster ""Stadtplan""",Ernst Günter Hansing,,1967,"Glas, Beton","Schule Engelsby, Wand vor dem Haupteingang",Brahmsstraße 2-4,,,,,Kunst Fl,Hr. Buchgeister
89,Altarkreuz-Plastik,Ernst Günter Hansing,,1971/72,,Friedenskirche Weiche ,An der Friedenskirche 20,Ev.-luth. Kirchengemeinde Weiche,,,,Denkmal Kirche,
90,Glasfenster,Ernst Günter Hansing,,1973/74,,Kirche der Diakonissenanstalt,Knuthstraße 1/Marienhölzungsweg 2,Ev.-luth. Diakonissenanstalt ,,,,Denkmal Kirche,
91,Glasfenster für den Erweiterungsbau der ehemaligen Staatlichen Bildungsanstalt für Frauenberufe ,Ekkehard Thieme,1968,1968,"Glas, Eisen","Technisches Rathaus I, Foyer",Am Pferdewasser 14,Stadt FL,,,"Kat. Ekkehard Thieme, Kunst im öffentlichen Raum, Kunstverein Flensburg, 2002",Kunst Fl,
92,"Glasfenster für die Deutsche Bank ""Figuren im Raum""",Ekkehard Thieme,,1968/1994,"Glas, Zinn, Messing, Bleifolie","Deutsche Bank, Empfangshalle",Rathausstraße 10-12,Deutsche Bank,,"200x245 cm, ursprünglich Zweigstelle der Deutschen Bank, Neustadt, dort 1992 versehentlich entfernt und 1994 in der Rathausstraße 10-12 neu eingebaut, dort nicht mehr vorhanden","Filialdirektor Hans-W. Burmester, Tel 868150 kann evtl. Auskunft geben",verschollen,
93,"Glasfenster für die Mehrzweckhalle der Hebbelschule, 3-teilig ",Ekkehard Thieme,,1972,Glas,Comeniusschule,Drosselweg 12,,,"Linker Teil 95x135 cm, Mittelteil: 260x206 cm, rechter Teil: 140x120 cm, Standort unbekannt laut Herrn Nonn, Schulleiter. Nach Auskunft von Dr. Michael Fuhr ein Element beim Museumsberg inventarisiert und aufbewahrt, übrige Teile verschollen.","Kat. Ekkehard Thieme, Kunst im öffentlichen Raum, Kunstverein Flensburg, 2002",Kunst Fl,
94,4 Nirostahlobjekte mit Glasfenster,Ekkehard Thieme,1977,1979,"Glas, Nirostahl, Draht","Fachhochschule Flensburg, Gebäude A (1.+2. OG), Gebäude B (1.+2. OG)",Kanzleistraße 91-93,Fachhochschule Flensburg,Fachhochschule FL,,"Kat. Ekkehard Thieme, Kunst im öffentlichen Raum, Kunstverein Flensburg, 2002",Kunst SH,
95,Altarkreuz ,Ekkehard Thieme,,1979,"Eisen, Nirostahl",Gemeindezentrum Engelsby,Brahmsstraße 13,Kirchengemeinde,,d. 200 cm,"Kat. Ekkehard Thieme, Kunst im öffentlichen Raum, Kunstverein Flensburg, 2002",Kunst Kirche,
96,Kruzifix,Ekkehard Thieme,,1980,"Eisen, Nirostahl",Gemeindehaus der evang.-freikirchlichen Gemeinde Flensburg,Bismarckstraße 110,Evang.-freikirchliche Gemeinde Flensburg,,,"Kat. Ekkehard Thieme, Kunst im öffentlichen Raum, Kunstverein Flensburg, 2002",Kunst Kirche,
97,"Deckengemälde ""Der schleswig-holsteinische Himmel"", 9 Tafeln",Ekkehard Thieme,1984,1984/85,Ölfarbe,"Hans-Christiansen-Haus, über dem Eingang zur Aula (seit 2001)",Museumsberg 2,"Landesvertretung Schleswig-Holstein, Berlin",Museumsberg,"ursprünglich für die Landesvertretung in Bonn geschaffen. Seit 2001 Dauerleihgabe der Landesvertretung an Museumsberg, Leihvertrag siehe Museumsberg","Kat. Ekkehard Thieme, Kunst im öffentlichen Raum, Kunstverein Flensburg, 2002",Kunst SH,
98,"Sgraffito/Mosaik ""Swinemünde"" ",Gerhard Bettermann ,,,Putz,"Rathaus, beim Südeingang, Etage U",Rathausplatz 1,Stadt FL,,"ursprünglich im ZOB-Gebäude, Süderhofenden 1",,Kunst Fl,
99,Sgraffito Flensburg Hafenpanorama,Gerhard Bettermann ,,,Putz,eingelagert,?,Stadt FL,,"ursprünglich im Kaufhaus Hertie, Holm 7, heutiger Standort unklar, evtl. TBZ-Bauhof am Volkspark?",,Kunst Fl,Hr. Engels -2487
100,Sgraffito Hof Holm 19/21,Gerhard Bettermann ,,,Putz,eingelagert,?,Stadt FL,,"ursprünglich im Kaufhaus Hertie, Holm 7, heutiger Standort unklar, evtl. TBZ-Bauhof am Volkspark?",,Kunst Fl,Hr. Engels -2487
101,"Plastik ""Miteinander""",Siegbert Amler,,2002,Bronze,"Landgericht, Eingangsbereich",Südergraben 22,Land SH ,,Ein größerer Guss der Skulptur steht in Tokio (1988).,Homepage Landgericht,Kunst SH,
102,"Skulptur, Liegender Junge",Karlheinz Goedtke,,vor 1967,Bronze,Studierendenwohnanlage am Campus,Thomas-Fincke-Straße 1-5,,,,"Flensburg. Bild einer Stadt, Flensburg 1967, S. 120",Kunst SH,
103,"Klangskulptur ""Gelenkte Resonanzen""",Ulrich Eller,,2007,"Edelstahl, Lautsprecher, Erdkabel","Campus, zwischen Campelle und Audimax",Thomas-Fincke-Straße,,,,,Kunst SH,
104,"Bronzestatue ""Junger Streiter""",Georg Kolbe,,um 1935,Bronze,"Marineschule Mürwik, Hof",Kelmstraße 14,Marine-Fiskus,Marineschule Mürwik,"1947-1988 Leihgabe der Marineschule an die Stadt und auf Grünanlage vor ZOB, Ecke Nikolaistr. aufgestellt. Rückgabe an die Marineschule 1988.","Flensburg. Bild einer Stadt, Flensburg 1967",Denkmal BRD,
105,"Bronzestatue ""Nackter Zehnkämpfer""",Richard Scheibe,,um 1937 ,Bronze,"Marineschule Mürwik, Hof",Kelmstraße 14,Marine-Fiskus,Marineschule Mürwik,,,Denkmal BRD,
106,"Relief ""Mittelpunkt der Stadt Flensburg""",Dietmar Gördes,,1989,"Bronze, Granit","Große Str., Fußgängerzone vor Haus Nr. 1",Große Straße 1,Stadt FL,,,,Kunst Fl,
107,"Skulptur ""Paar""",Wolfgang Mehl,,2005,Bronze,Sonwik,Fördepromenade,Kultur-Initiative Sonwik (KIS),,"aufgestellt und finanziert von der Kultur-Initiative Sonwik, die auch anfallende Pflege und ggf. Reparatur übernimmt",,Kunst KIS,
108,"Skulptur ""Schwimmer"" ",Thomas Helbing,,2008/2013,"Cortenstahl, Bronze",Sonwik,Fördepromenade,Kultur-Initiative Sonwik (KIS),,"Skulptur ursprünglich aus Cortenstahl und Bronze, nach Vandalismusschäden 2013 in Eisenguss erneuert",,Kunst KIS,
109,"Skulptur ""Paar"" (Mann und Hund)",Jonas Kötz,,2009,Bongossi-Dalben aus dem Hamburger Hafen,Sonwik,Fördepromenade,Kultur-Initiative Sonwik (KIS),,,,Kunst KIS,
110,"Skulptur ""Eine Richtung""",Tietze Schmuck,,2009,Lärchenholz,Sonwik,Fördepromenade,Kultur-Initiative Sonwik (KIS),,,,Kunst KIS,
111,"""Oh Du mein Herz"", Skulptur",Andreas von Hippel,,2010,Granit,Sonwik,Fördepromenade,Kultur-Initiative Sonwik (KIS),,,,Kunst KIS,
112,"""Hand III"", Skulptur",Jan Schröder,,2001,"Eiche, Bleiblech, Farblasur",Sonwik,Fördepromenade,Kultur-Initiative Sonwik (KIS),,aufgestellt 2012,,Kunst KIS,
113,"""Begegnung mit der anderen Art"", zweiteilige Skulptur, Elefant und Nashorn",Peter Nagel,,2002,Stahlguss,Sonwik,Fördepromenade,Kultur-Initiative Sonwik (KIS),,stand von ca. 2003-2014 in Glücksburg-Schausende,,Kunst KIS,
114,Nashorn,Hans-Ruprecht Leiß,,,Styropor,Robbe & Berking-Werft,Am Industriehafen,privat,,"2011-17 in Sünderup, 2009 bis 2011 am Rathaus, auf dem Vordach des Südeingangs, davor im Roten Hof, 250kg schwer",,Kunst privat,
115,Seelöwe (Rutsche auf Spielplatz),,,,"Beton, farbig gefasst",SBV-Siedlung Ostseebadweg,Ostseebadweg 38-40,,,Teil des Spielplatzes,,Sonst. Obj. SBV,"Imke Voigtländer, Presse SBV"
116,Gedenkstein für die FL Straßenbahn,,,,Granit,Apenrader Str. (vor Haus Nr. 15),Apenrader Straße  ,,,Sponsor VVF,,Gedenkstein Fl,
117,Gedenkstein für Turner,,,,Granit,"Bauer Landstraße, Ecke An der Bergmühle",Bauer Landstraße,,,,,Denkmal Fl,
118,Phänomenta-Windspiel und Wasserlauf,"Arbos Landschafts-architekten, HH",,,"COR-TEN-Stahl, Stahlblech oder Aluminium",Am Nordertor/Schiffbrücke,Am Nordertor/Schiffbrücke,,,,,Kunst Fl,
119,Postbote mit Rad Skulptur,,,1980/81?,Bronze,"Deutsche Post, Außenbereich",Bahnhofstr.,,,,,Kunst Post,
120,Brunnen  ,,,,Kalkstein?,"Carlisle-Park, Nordwestecke zur Bahnhofstr.",Bahnhofstraße,,,,,Kunst Fl,
121,Straßenbahntriebsatz auf Gleis und Halteschild,,,,"Stahl, Holz","Carlisle-Park, Nordostecke zur Bahnhofstr.",Bahnhofstraße,,,,,Sonst. Obj. Fl,
122,Gedenkstein Opfer der Gewaltherrschaft,,,,Granit  ,"Carlisle-Park, Nordostseite",Bahnhofstraße,Vereinigung demokratischer Widerstandskämpfer 1969,,,,Gedenkstein Fl,
123,Sockel,,,,Kalkstein?,"Carlisle-Park, Südostseite",Bahnhofstraße,,,,,Kunst Fl,
124,Froschbrunnen,Helmut Schievelkamp (Einfassung),1903 (Einfassung),1950er (Einfassung),"Granit (Einfassung), Muschelkalk?(Frosch)","Carlisle-Park, Südwestecke zum Bahnhof",Bahnhofstraße,,,,,Kunst Fl,
125,Mahlstein-Tisch,,,,"Granit, Backstein","Carlisle-Park, Südwestseite",Bahnhofstraße,,,,,Sonst. Obj. Fl,
126,"Ulmen-Skulptur ""Rein-Karna-Tor II""",Hauke Jessen,zw. 1998 und 2001,,Holz,"Carlisle-Park, Westseite",Bahnhofstraße,,,,,Kunst Fl,
127,Wandmalerei,,,,Farbe auf Beton,"Fördegymnasium, Turnhalle",Elbestr. 10,,,Schüler-Lehrer-Arbeit oder Künstlerarbeit?,,Kunst Fl,
128,Wrangel-Denkmal,,1903,,"Bronze, Granit","Stadtpark, zur Selckstr.",Selckstraße,,,Denkmal?,,Denkmal Fl,
129,Persil-Uhr,,,2006,"Kunststoff, Eisen, Aluminium?",Burgplatz,Burgplatz,Initiative der Anlieger und AG Duburg,,unterstützt vom VVF; seit 1987 zum 80. Markenjubiläum gleiche Uhren in vielen Städten Deutschlands aufgestellt an denen früher nachweislich eine Persil-Uhr stand,,Sonst. Obj. Fl,
130,Kirchturmspitze d. St. Nikolai-Kirche auf Findling,,,,"Eisen, Granit, Bronze",Parkplatz der Kirchengemeinde Adelby,Richard-Wagner-Straße,,,"Umsetzung des Findlings 2012 unterstützt vom VVF, Bronzetafel von Charly Munnecke",,Kunst Kirche,
131,"Kunst am Bau, Uhr und Relief mit Tieren",,,,Metall,"Fruerlund-Schule, Fassade vom Schulgebäude zum Hof",Bohlberg 56/58,,,,,Kunst Fl,
132,22 Kacheln mit Sportarten-Reliefs,,,,Keramik,"Fruerlund-Schule, Fassade der Turnhalle",Bohlberg 56/58,,,,,Sonst. Obj. Fl,
133,Granitstein mit Errichtungsdatum,,,,Granit,"Fruerlund-Schule, Eingang",Bohlberg 56/58,,,,,Gedenkstein Fl,
134,Gedenkstein für Willi Sander,,,,"Bronze, Granit","SBV-Gebäude, Parkplatz",Willi-Sander-Platz 1,Selbsthilfe-Bauverein eG,,Bronzetafel eingelassen in Granitstein. W. Sander war 1949 Gründer des SBV.,,Gedenkstein SBV,"Imke Voigtländer, Presse SBV"
135,Sgraffiti,"Fritz Thomas Gottesberg, Heinz Holland, Siegbert Amler",1957,,"Putz, mehrfarbig",SBV-Brückengebäude,Willi-Sander-Platz 1,Selbsthilfe-Bauverein eG,,ist Bestandteil des denkmalgeschützten Gebäudes,,Denkmal SBV,"Imke Voigtländer, Presse SBV"
136,Sgraffito,Hermann Sörensen?,1952,,"Putz, mehrfarbig","ehem. SBV-Zentrale, Nettelbeckplatz",Mühlenholz 26,Selbsthilfe-Bauverein eG,,,,Kunst SBV,"Imke Voigtländer, Presse SBV"
137,Nachbildung eines Großsteingrabes ,,,1970er,Granit,Kurt-Tucholsky-Schule,Richard-Wagner-Straße 41,Kreis SL-FL?,,Nachbildung eines Hünengrabes im Maßstab 1:1. Findlinge von Schulklasse Herr Klotz in Kiesgruben gesucht und mit Kran zum Grab zusammengesetzt.,"Schulchronik, 10 Jahre KGS Flensburg-Adelby, FL 1984",Sonst. Obj. Fl,"Elke Wolny, Kunstlehrerin"
138,2 Gemälde,Uwe Lempelius,"1967, 1966",,Öl auf Leinwand,"Goethe-Schule, Archiv",Bismarckstraße 41,,,,,(Kunst Fl),Ragna Schepke
139,Kohlezeichnung,,,,Kohle auf Pappe,"Goethe-Schule, Archiv",Bismarckstraße 41,,,,,(Kunst Fl),Ragna Schepke
140,Gedenktafel für gefallene Schüler des 1. Weltkrieges,Werkkunstschule?,1920er?,,Holz,"Goethe-Schule, Flur, 1. OG",Bismarckstraße 41,,,,,Gedenkstein Fl,Ragna Schepke
141,Tisch und Stühle (Traumobiliar),Werkkunstschule?,1920er?,,Holz,"Goethe-Schule, Flur, 1. OG",Bismarckstraße 41,,,ursprünglicher Standort unbekannt,,(Kunst Fl),Ragna Schepke
142,Aquarell,Gerhard Fritz Hensel?,,,Aquarell auf Papier,"Goethe-Schule, Flur, 1. OG",Bismarckstraße 41,,,,,(Kunst Fl),Ragna Schepke
143,"Gemälde ""Auf einer ionischen Insel""",Gerhard Fritz Hensel,,,Öl auf Leinwand,"Goethe-Schule, EG, Raum 104",Bismarckstraße 41,,,,,(Kunst Fl),Ragna Schepke
144,Skulptur,Schüler/innenarbeit FSTuG,,,Stahl,"Technisches Rathaus I, Hof",Am Pferdewasser 14,,,ursprünglicher Standort?,,Kunst Fl,
145,Skulptur,Lilli Kröhnert,,,Bronze,"Landgericht, vor dem Neubau, Ostseite",Südergraben 22,Land SH ?,Land SH?,,"Flensburg. Bild einer Stadt, Flensburg 1967",Kunst SH,
146,"Blaue, geometrische Skulptur",Schüler/innenarbeit FSTuG,,,Stahl,"Fachschule für Technik und Gestaltung, Grünfläche vor Gebäude",Schützenkuhle 20-24,,,,,Kunst Fl,"Hr. Ageley, Hausmeister"
147,2 Gemälde ,Käte Lassen,1917,,Öl auf Leinwand,"Auguste-Viktoria-Schule, Sekretariat",Südergraben 34,AVS,AVS,,,(Kunst Fl),"Hr. Benert, Hausmeister"
148,Neuromanische Säulen,,,,Kalkstein oder Granit?,"Landgericht, nördlich des Neubaus, Grünfläche",Südergraben 22,Stadt FL,,"Säulen der ehemaligen Höheren Mädchenschule/Realschule West, die an diesem Standort war und die 1982 abgerissen wurde.","Herold, Hans-Jörg/Kahrmann, Klaus-Ove/Leppien, Jörn-Peter u.a.: Auguste-Viktoria-Schule Flensburg 1886-1986, Flensburg 1986 ",Kunst SH,
149,Trinkbrunnen,,,,Gusseisen,"Selckstr., vor dem Stadtpark",Selckstraße,,,,,Sonst. Obj. Fl,
150,Seepferdchenbrunnen,,,,"Metall, Granit",Stadtpark,Selckstraße,,,,,Kunst Fl,
151,Gedenkstein Ausruf der Provisorischen Regierung 24. März 1848,,,,Granit,Burgplatz,Burgplatz,,,zwischen altem Baumbestand,,Denkmal Fl,
152,Steintafel für Paul Ziegler,,,,Kalkstein?,Burghof,Burghof,,,,,Denkmal privat,
153,Brunnen mit Junge und Fisch,,,,Kunststein,"Burghof, Mitte des großen Hofes",Burghof,Burghof-Eigentümerschaft,,durch Vandalismus zerstört am 20.02.2016,,Denkmal privat,
154,Denkmal für gefallene Schüler und Lehrer der Oberrealschule I im 1. Weltkrieg,,,,Kalkstein,"Hans-Christiansen-Haus, Grünfläche vor dem Osteingang",Museumsberg,,,,,Gedenkstein Fl,
155,3 weibliche Betonfiguren im Gras,Lilly Kröhnert,,,Beton,"Hans-Christiansen-Haus, Grünfläche vor dem Osteingang",Museumsberg,Museumsberg Flensburg,,"ursprünglich hinter dem Hans-Christiansen-Haus an der Stelle des heutigen Aufzuges. Bei Einbau des Aufzuges 2010 versetzt. Mit Nachlass Kröhnert 1996 ins Museum gelangt, unklar ob dort inventarisiert.",,Kunst Fl,
156,"Kunst am Bau, Wandmosaik",,,,"Granit, Marmor?",Unesco-Schule Weiche,Bahnstr. 20,,,,,Kunst Fl,
157,Denkmal für Gefallene des Deutsch-Französischen Krieges 1870-71,,,,"Bronze, Marmor, Granit","Christian-Friedrich-Voigt-Platz, zur Friesischen Straße",Christian-Friedrich-Voigt-Platz,,,,,Denkmal Fl,
158,"8 Gemälde, Zyklus ""Into the light""",Dietmar Wagner,,2008/2015,Öl od. Acryl auf Leinwand,Stadtbibliothek,Süderhofenden 40,Stadtbibliothek,Stadtbibliothek,Ankauf 12.12.2008 für 3400 Euro,,(Kunst Fl),Fr. Kaminski (Leitung); Stefanie Oeding
159,"Schaufenster-Installation, Stadtbibliothek",Katja de Vries,2007/08,2007/08,"Holz, Farbe","Süderhofenden 40, links vom Eingang",Süderhofenden 40,Stadtbibliothek,Stadtbibliothek,Auftrag der Stadtbibliothek an Künstlerin das Schaufenster zu gestalten.,,Kunst Fl,
160,Gedenkstein für Flensburger Seeleute,,,,"Bronze, Granit","Hafen, Schiffbrücke Ecke Neue Straße",Schiffbrücke  ,,,,,Gedenkstein Fl,
161,"Bronzerelief Salondampfer ""Alexandra""",,,,Bronze,Hafenspitze,Am Kanalschuppen,,,,,Sonst. Obj. Fl,
162,"Gemälde ""Fördepanorama""","Marcus Holstein, Björn Hübert, Christoph Wiegand",1982,,Acryl auf Leinwand,"Rathaus, Flur/Bürgerhalle, Etage E",Rathausplatz 1,Stadt FL (Stiftung Bildende Kunst),Stadt FL,,,(Kunst Fl),
163,"11 Porträts der Könige von Dänemark, Schweden und Norwegen",,,,Öl auf Holz,"Rathaus, Bürgerhalle",Rathausplatz 1,Stadt FL,Stadt FL,,,(Kunst Fl),
164,"Fassadenmosaik ""Am Pferdewasser""",Siegfried Möller,1962,,Keramik,"Am Pferdewasser 6, Hausfassade",Am Pferdewasser 6,privat?,,,,Kunst privat,
165,Gedenktafel für Gefallene des 1. und 2. Weltkrieges,Werkkunstschule?,,,Holz,"Rathaus, Flur/Bürgerhalle, Etage E",Rathausplatz 1,,,,,(Kunst Fl),
166,"Skulptur ""Danke""",,2014,2014,Stahl,"Campus, zwischen Mensa und Audimax",Auf dem Campus 1,"Universität Flensburg, Fachhochschule Flensburg","Universität, Fachhochschule Flensburg",,,Kunst SH,
167,"Skulptur ""Schwingender Klang""",Lilly Kröhnert,1961,1961,Bronze,"Europa-Universität Flensburg, vor Gebäude E",Auf dem Campus 1,,,"bis 2002/4 vor der Pädagogischen Hochschule, Mürwiker Str. 77",GMSH,Kunst SH,
168,3 Meilensteine der Osttangente,,,"1999, 2001, 2006",Granit,"Eckernförder Landstr., Auf dem Campus 1, Adelbylund","Eckernförder Landstr., Auf dem Campus 1, Adelbylund",Stadt FL,Stadt FL,,,Gedenkstein Fl,
169,"Skulptur ""Ein Stein und 500-700 Newton""",Annemarie Schulte-Wülwer,1989,,"Marmor, Nirostahl","Fachhochschule Flensburg, vor Gebäude C",Kanzleistraße 91-93,,,,GMSH,Kunst SH,
170,Steinplatte mit Inschrift,,,,Marmor?,"Altes Gymnasium, Arkadengang, rechte Wand",Selckstraße 1,,,,,Denkmal Fl,
171,Gedenkstein für Initiator des Ostseebades Peter Henningsen,,,,Granit,"Ostseebad, vor dem DLRG-Gebäude",Am Osteebad,,,,,Gedenkstein Fl,
172,Sophienquelle,,,,"Granit, Marmor ","Ostseebad, Eingang, bei Spielplatz",Am Ostseebad ,,Stadt Flensburg,,,Sonst Obj. Fl,
173,Grenzstein Flensburg,,,,"Beton, Stein","Wassersleben, Apenrader Chaussee, am Parkplatz des Hotels",Apenrader Chaussee,,,,,Gedenkstein Fl,
174,Stein I.Cornelius,,,1641,Granit,"Volkspark, vor dem Wasserturm",Am Volkspark,,,,,Denkmal Fl,
175,Gedenkstein Fritz Vogler,,,,Granit,"Volkspark, vor dem Wasserturm",Am Volkspark,,,,,Gedenkstein Fl,
176,Gedenkstein Christian Wolff,,,1965,Granit,"Volkspark, Querstraße hinter dem Wasserturm",Am Volkspark,,Stadt Flensburg,,Avis 15.10.2015,Gedenkstein Fl,
177,Gedenkstein Josef Beinert,,,1965,Granit,"Volkspark, nördlich des Sportheims, auf dem Weg zum Blasberg",Am Volkspark,,Stadt Flensburg,,Avis 15.10.2015,Gedenkstein Fl,
178,Gedenkstein Alfred Albertsen,,,1965,Granit,"Volkspark, Weg zum Sportheim, vom Am Volkspark, linker Wegesrand",Am Volkspark,,Stadt Flensburg,,Avis 15.10.2015,Gedenkstein Fl,
179,Denkmal für Gefallene bei Bau 1848 ,,1888,1888,"Granit, Marmor","Neustadt, Ecke Harrisleer Str., Grünfläche",Neustadt,,Stadt Flensburg,,,Denkmal Fl,
180,Sonnenuhr mit Verdichterrad,,,,Stahl,"Fachhochschule Flensburg, vor Maritimes Zentrum",Campusallee 5,,FH Flensburg,"Sponsor ABB Automation GmbH, Turbocharging",,Kunst SH,
181,"4 Granitsteine (Fenster-Schlusssteine) mit Wappen und Inschriften Tondern, Apenrade, Sonderburg, Hadersleben",,1938,,Granit,Klärwerk Kielseng,Kielseng 17,Stadt Flensburg ,,"Spolien vom abgebrochenen Gebäude Apenrader Straße 111, zuletzt JAW, ursprünglich als HJ-Heim errichtet",,Kunst Fl,
182,Tor,Alfred Schmidt,,1982,"Eisen, verzinkt","Gemeinschaftsschule West, Tor zum Schulhof",Friesische Lücke 7,,,,,Kunst Fl,
183,Stein,,,,Granit?,"Quakenweg, Vorgarten",Quakenweg 43b,privat?,,,,Sonst. Obj.privat,
184,Ritter,"Laust Lorenzen, Architekt",2004,2004,Stahl,"Jägerweg, auf Anhöhe bei Spielplatz Kong-Arrildshøj-Park",Jägerweg,,,,,Kunst Fl,
185,Skulptur Fisch (Spendenfisch),Hans Ruprecht Leiß ,,2012,,"Katharinen Hospiz am Park, Vorgarten",Mühlenstr. 1,Katharinen Hospiz am Park,Katharinen Hospiz am Park,,,Kunst privat,
186,"Skulptur ""Klabautermann""",Hermann Sörensen,,1976,"Blech, Glas","Osterkoppel, Friedheim/Mürwik",Osterkoppel 2,Selbsthilfe-Bauverein eG,,Errichtung 8.7.1976,"SBV Blatt 06.2008, Imke Voigtländer, Presse SBV",Kunst SBV,
187,Skulptur Roter Hahn,,,,,Diblerstraße,Diblerstraße  ,Selbsthilfe-Bauverein eG,,,"Imke Voigtländer, Presse SBV",Kunst SBV,
188,"Vogeltränke ""Tanzende Elfen""",Hermann Sörensen,,,Beton?,"Diblerstraße 23, Rasenfläche",Diblerstr. 23,Selbsthilfe-Bauverein eG,,,"Imke Voigtländer, Presse SBV",Kunst SBV,
189,"Brunnenplastik ""Sprüttjungs""",Hermann Sörensen,,1960,Basalt?,"Diblerstraße 14, Rasenfläche",Diblerstr. 14,Selbsthilfe-Bauverein eG,,"ehemaliger Brunnen, heute nur noch Skulptur (Kunst am Bau)","Imke Voigtländer, Presse SBV",Kunst SBV,
190,Sgraffito Kraniche,,,,Putz,"Hausfassade, Ostseebadweg 36",Ostseebadweg 36,Selbsthilfe-Bauverein eG,,,"Imke Voigtländer, Presse SBV",Kunst SBV,
191,Katzenbrunnen,,,,Beton?,Westerkoppel,Westerkoppel,Selbsthilfe-Bauverein eG,,,,Sonst. Obj. SBV,
192,14 Holzskulpturen,Holzbildhauer-Lehrlinge der Fachschule für Technik und Gestaltung,,,Eichenholz,Grünbereich zwischen Eider- und Travestr.,"Eider-, Travestr.",Selbsthilfe-Bauverein eG,,"Aktion ""Seltsame Begegnungen"" Einladung des SBV, Einweihung 25.6.2015",Artikel Avis 27.06.2015,Sonst. Obj. Fl,
193,Skulptur ,Manfred Sihle-Wissel,,,Bronze,"Leihverkehrs- und Ergänzungsbibliothek, Vorplatz",Waitzstr. 5,LEB,,,,Kunst SH,
194,"Skulptur ""Jaschka"", kleiner Junge mit Schiffchen in den Armen",Natalia Arsenteva,2015,,Eichenholz,Museumshafen ,Schiffbrücke ,Geschenk der Künstlerin an die Stadt,,"Teil der Bachelorarbeit der Künstlerin/Studentin des Studiengangs ""Kunst und Sonderpädagogik"", Praktikum bei Holzbildhauern, noch nicht aufgestellt",Tageblatt Artikel 23.09.2015,noch nicht aufgestellt,
195,"Zeus, Pan und Schilfrohr, Wasserspiel",Ulrich Lindow ,1986,,Granit,"Altes Gymnasium, Sporthalle",Selckstraße 1,,,,GMSH,Kunst Fl,
196,Großes Bronzeblatt,Ulrich Beier,1968,,Bronze,Europa-Universität Flensburg,Auf dem Campus,,,Standort unklar,GMSH,Kunst SH,
197,"Hinter-Glas-Gemälde, 3-teilige Technik-Darstellung",Antje Marczinowski,1986-1993,,,"Fachhochschule Flensburg, 2. BA",Kanzleistraße 91-93,,,,GMSH,Kunst SH,
198,Brunnen Bronze-Blume,Hilger Schmitz,1986,,Bronze,"Finanzamt Flensburg, Erweiterung",Duburger Straße 58-64,,,,GMSH,Kunst SH,
199,"Bronzeplastik ""Torso""",Ben Siebenrock,1978,,Bronze,Hauptzollamt Flensburg,Waldstraße,,,,GMSH,Kunst BRD,
200,Erzählender Fries Wandmalerei,Gunther Fritz,1994,,,Justizbehörden Flensburg,Südergraben 22,,,,GMSH,Kunst SH,
201,"Bodengestaltung ""Steine""",Leo Kornbrust,1980,,,Kraftfahrzeug-Bundesamt Flensburg,Fördestraße 16,,,,GMSH,Kunst BRD,
202,"Bronzeplastik ""Pan""",Fritz During,1971,,Bronze,GMSH ZNL Flensburg,Fichtestraße 2,,,,GMSH,Kunst SH,
203,Steinplastik,,,,Granit?,Hof Aktivitetshuset,Norderstraße 49,Sydslesvigs Danske Ungdomsforeninger (SdU),SdU,,,Kunst SdU,
204,Stuckdecke ,Francesco Antonio Tadey,um 1800,um 1800,Stuck,eingelagert,?,privat,Stadt Flensburg,"an unbekanntem Ort eingelagert, zuvor Museumsgut",Untere Denkmalschutzbehörde,Kunst Fl,
205,Steinerne (?) Pappelskulptur,Stefan Pietryga,,2000 (2001-2003),Stein?,Campus-Gelände/Universität ,Thomas-Fincke-Straße,Land SH (GMSH),,"dreiteiliges Werk, Pappelskulpturen aus untersch. Material, vgl. Nr. 18 und 206",GMSH,Kunst SH,
206,Hölzerne Pappelskulptur,Stefan Pietryga,,2000 (2001-2003),Holz,Campus-Gelände/Universität ,Auf dem Campus,Land SH (GMSH),,"dreiteiliges Werk, Pappelskulpturen aus untersch. Material, vgl. Nr. 18 und 205",GMSH,Kunst SH,
207,Holzrelief mit Flensburger Bauwerken,Uwe Appold,,,Holz,"Schiffbrücke 22, Eingangsbereich im EG",Schiffbrücke 22,privat,privat,,,Kunst privat,
208,Bronzeplastik Spielendes Kind,,,,Bronze,"Friedheim-Schule, Schulhof",Marrenshof 1,Stadt Flensburg,Stadt Flensburg,,,Kunst Fl,
209,"Fassadenmosaik ""Rotes Tor""",,,,Keramik,Schule auf der Rude ,Lundweg 30,Stadt Flensburg,Stadt Flensburg,,,Kunst Fl,
210,Meerestier-Reliefs,,vermutlich um 1965,vermutlich um 1965,,"ehem. Voigtschule, an der 1964/65 erbauten Gymnastikhalle",Schloßstraße 28,Stadt Flensburg,Stadt Flensburg,schwarze Mosaiksteine teilwiese abgängig,,Kunst Fl,
211,Windspiel,,,,Metall,Platz vor dem Telekomgebäude,Eckernförder Landstraße 65,Deutsche Telekom?,?,,,?,
212,Zweiteilige Granitskulptur,,,,Granit,"Eingangsbereich der Niederlassung Flensburg des Landesbetriebs für Straßen und Verkehr des Landes Schleswig-Holstein (LBV SH), ehem. Straßenbauamt",Schleswiger Straße 55,Land Schleswig-Holstein,Land SH,,GMSH,Kunst SH,
213,Personen am Reck,,nach 1998,nach 1998,,"zwischen Rote Straße 17 und Parkhaus Rote Straße,  zur Straße Klostergang",Rote Straße 17,Thomas Liebelt,privat (Liebelt?),,,Kunst privat,
214,Quellnymphe ,,,,Zinkguss,Ehem. Stadtpalais Christiansen III,Holm 10,,Nospa,"identische Zinkgussskulptur steht in Oslo (dort ""Rebecca"" bezeichnet) ",Nospa,Kunst privat,
11,"Kunst am Bau","Ulrich Lindow?",,"1984","Granit","Petrischule, Schulhof vor Sporthalle","Apenrader Straße 164","Stadt FL (Stiftung Bildende Kunst)",,,,"Kunst Fl","Frau Buck, Schulleitung; Hr. Plarin Hausmeister"
12,"Kunst am Bau/ Brüstungen, Geländer","Marcus Holstein","1985?",,"Eisen","Auguste-Viktoria-Schule, Sporthalle/Umkleideräume, Schulhof","Südergraben 34","Stadt FL (Stiftung Bildende Kunst)",,,"Herr Leppien",nicht feststellbar,"Hr. Benert, Hausmeister"
13,"""Flensburger Innenförde"" (Gemälde)","Marcus Holstein, Björn Hübert, Christoph Wiegand","1985",,"Acryl auf Leinwand","Schifffahrtsmuseum","Schiffbrücke 39","Stadt FL (Stiftung Bildende Kunst)",,"beim Schifffahrtsmuseum inventarisiert",,"(Kunst Fl)",
14,"""Flowing Bird"" / ""Flying Bird"" Skulptur","Ronnie Graham",,"1996","Mooreiche, Granit","Hannah-Arendt-Schule, Pausenhalle (B Gebäude, vor Treppenhaus B105/106)","Friesische Lücke 17","Stadt FL",,,,"Kunst Fl","Hr. Conrad"
15,"Licht- und Brunnenstele","Uwe Appold",,"1998","Edelstahl V2A, Brunnen, Leuchtmittel","Holmpassage, vor dem Eingang","Holm (vor Nr. 39)","Stadt FL",,Die Innenbeldeuchtung der Stele und der zugehörige Brunnen wurde im Zuge der Anlage der neuen Fußgängerzone 2007 zerstört,"Infomappe v. U. Appold","Kunst Fl",
16,"""Ohne Punkt und Komma"" (18teiliges Werkensemble/einzelne Gemälde)","Elsbeth Arlt","1997","1999",Acryl auf Leinwand,"Stadtbibliothek","Süderhofenden 40","Stadtbibliothek","Stadtbibliothek",,,"(Kunst Fl)",Fr. Kaminski (Leitung); Stefanie Oeding
17,"Schriftinstallation Stadtbibliothek","Elsbeth Arlt","2007","2007","Edelstahl","Stadtbibliothek","Süderhofenden 40",,,,,"Kunst Fl",Fr. Kaminski (Leitung); Stefanie Oeding
18,"Bronzene Pappelskulptur","Stefan Pietryga",,"2000 (2001-2003)","Bronze","Hafenspitze","Am Kanalschuppen","Land SH (GMSH)",,"weitere zwei gleichartige Pappelskulp-turen auf dem Campus-Gelände, Nr. 205 und 206",,"Kunst Fl",
2,"""Windsbraut""","Hermann Menzel",,"1984?","Metall, vergoldet","Willy-Brandt-Platz","Willy-Brandt-Platz","Verschönerungsverein",,war ein Jubiläumsgeschenk des Verschönerungsvereins an die Stadt zum 700. Stadtjubiläum,,"Kunst Fl",
20,"Hörnerplatz","Thomas Jaspert, Michael Harder",,"2001","Holz, Kupfer","Ochsenweg, Flensburg-Weiche, Kreisverkehr","Ochsenweg",AG Gesunder Stadtteil Weiche / Stadt Flensburg,"Stadt Flensburg","Geschenk der AG an die Stadt Flensburg","Infotafel vor Ort","Kunst Fl",
21,"bespielbare Kunst",,,"2001",,"Marienallee, Kinderspielplatz","Marienallee","Stadt FL",,"nicht ausgeführt, kann gestrichen werden",,nie aufgestellt,
22,"""Wand für neue Musik"",Kunst am Bau","Hansjörg Schneider",,"2001","Stahl",Außenwand des Orchesterproben-raums auf dem Museumsberg,"Museumsberg 2","Stadt FL (Stiftung Bildende Kunst)",,,,"Kunst Fl",
24,"""Stadtbücherei Flensburg"" (Papierschnitt)","Hansjörg Schneider",,"2002","Papier","Rathaus, Flur, Etage H, vor den Toiletten","Rathausplatz 1",,,"nicht beim Museum inventarisiert. Eigentumsverhältnisse unklar. Ein zweiter Schnitt von Schneider ist im Depot Waitztstr. vom Museumsberg, ist auch nicht inventarisiert (oNr557)",,"(Kunst Fl)",
25,"Installation ""Seriöse Falte""","Katrin Schmidbauer","2004","2005","Samt, Aluminiumbänder","Stadttheater, Foyer","Rathausstraße 24",Stadt Flensburg (Stiftung Bildende Kunst) und Flens-burger Theaterfreunde e.V.,,,,"Kunst Fl",
26,"15 Radierungen","Rüdiger Pauli",,"2004",,"Flur vor dem Kulturbüro (13 Stück) / Museum (2 Stück)",Schützenkuhle 26,"Stadt FL (Stiftung Bildende Kunst)",,"beim Museum inventarisiert",,"(Kunst Fl)",
27,"2 Werke","Otto Beckmann",,"2004",,"Unbekannt, Museum?",,"Stadt FL (Stiftung Bildende Kunst)",,Verbleib? Nicht am Museum inventarisiert.,,"(Kunst Fl)",
28,"Brunnen ""Feuerhahn""","Hans Ruprecht Leiß (Entwurf), Claus Lindner,  Prenz-lau  (Ausführung)",,"2004","Kupfer, Stein, Glas","Berufsfeuerwehr, an Straßenecke Munketoft/Bahnhofstraße","Munketoft 16","Stadt FL?","Berufsfeuerwehr (keine Verein-barung)","Ein ""roter Hahn"" wird durch einen Feuerwehrschlauch gebändigt. Kupferne Skulptur auf Steinsockel in einem Brunnenbett aus blauen Glasscherben.",,"Kunst Fl",
29,"4 Stelen","Heinrich Oettinger",,"2004","Granit","Margarethenplatz","Am Margarethenhof",Verein zur Erhaltung der östlichen Altstadt,,,,"Kunst Fl",
3,"Wasserrad und Springbrunnenanlage""Jumping Jets""","Uwe Appold",,"1998","Edelstahl V2A","Süderhofenden Verkehrsinsel am ZOB","Süderhofenden 1",,"TBZ ?",,"Infomappe v. U. Appold","Kunst Fl",
30,"""Rathaus Flensburg"" (Papierschnitt)","Hansjörg Schneider",,,"Papier","Museumsberg Flensburg, Depot Waitzstr.","Museumsberg Flensburg",,,"Werk ist nicht beim Museumsberg inven-tarisiert, ist oNr557. Eigentumverhält-nisse unklar. War im Rathaus 2007 aufge-hängt, ist zurück im Depot Museumsberg.",,"(Kunst Fl)",
31,"""Großes Stück über die rechte Hand""","Volker Tiemann",,"2008","Bronze","Fridtjof-Nansen-Schule, Fördegymnasium, Gelände dazwischen","Elbestraße 20","Stadt FL / FNS",,,,"Kunst Fl","Hr. Halbe, Schulleitung"
32,"""Baum-Blatt-Motiv"" Skulptur","Ulrich Beier",,"1963","Kirchheimer Muschelkalk, Basalt","Fridtjof-Nansen-Schule (ehemals IGS), vor der Aula","Elbestraße 20",,,"ehemals an Fassade des Fördegymnasiums angebracht.",,"Kunst Fl","Hr. Halbe, Schulleitung"
33,"Reliefs","Ulrich Beier",,"1966","Beton?","Fridtjof-Nansen-Schule (ehemals IGS), an den Wänden der Aula","Elbestraße 20",,,,,"Kunst Fl","Hr. Halbe, Schulleitung"
34,"""Gerettet"" (""Der Fischer"") Skulptur","Adolf Brütt",,"2009","Bronze","Museumsberg, Grünfläche zur Reepschlägerbahn","Museumsberg ",Verschönerungsverein; Schenkung an die Stadt Flensburg,"VVF behält Mitspracherecht","Abguss des Originals in Berlin, Alte Nationalgalerie",,"Kunst Fl",
37,"Stelen zur Städtepartnerschaft","Uwe Appold + Lars Fischer",,,"Stahl","Bahnhofsvorplatz","Am Bundesbahnhof","Stadt FL",,"""Die Stadt Flensburg ist als Eigentümerin berechtigt, einen Abbau des Objektes zu beschließen und anschließend über den weiteren Verbleib zu entscheiden""",,"Kunst Fl",
38,"Idstedt-Löwe",Herman Wilhelm Bissen,"1862","2011","Bronze, Granit","Alter Friedhof","Selckstraße ","Stadt FL",,"AöR Friedhöfe zuständig für Reinigung?",,"Denkmal Fl",
39,"""Prometheus"" (Hebroni-Denkmal)","Clemens Strugalla (Weisel)",,"2013","Muschel-Kalkstein, Sockel aus Ziegelstein, Bronzeschriftband","vor der Alten Post","Norderhofenden","Stadt FL (Stiftung Bildende Kunst)","Stadt FL","Einweihung 1.9.2013, Erinnerung an NS-Opfer, 235cm hoch, Auftrag von kunstkommission, an Prometheus-Skulptur von Joseph Hebroni v. 1955 orientiert.","SHZ Artikel 02.09.2013 und 25.04.2014","Kunst Fl",
40,"Deserteursdenkmal","Miloudi Assila","1994","2013","Marmor, Ziegel, Metall","Platz der Gärtner",Rote Straße/Platz der Gärtner,"Stadt FL",,in Wandscheibe integriertes Marmorrelief ,,"Kunst Fl",
42,"Wasserschlucker+ Wasserspiel",,,"1970er","Granit","Kurt-Tucholsky-Schule","Richard-Wagner-Straße 41","Kreis SL-FL?",,,"Schulchronik, 10 Jahre KGS Flensburg-Adelby, FL 1984","Sonst. Obj. Fl","Elke Wolny, Kunstlehrerin"
43,"Blaues Betonrelief","Uwe Appold?",,"1967(?)","Beton","Technisches Rathaus II, auf dem Hof","Schützenkuhle 26",,,ursprünglich Möbelhaus Kellermann Angelburger Straße 31-33?,,"Kunst Fl",
44,"2 Betonreliefs ",,,"1962 (?)","Beton","Technisches Rathaus I, auf dem Hof","Am Pferdewasser 14",,,"Fassadenplatten ähnlich Altbau Comeniusschule, ursprünglich Fassade der Stadtbücherei Süderhofenden?, vor Abbruch gerettet.",,"Kunst Fl",
45,"Wandgemälde Petri Fischzug ","Käte Lassen",,"um 1919",,"Altes Gymnasium, Aula","Selckstraße 1",,,ist Bestandteil des denkmalgeschützten Gebäudes,,"Denkmal Fl",
46,"Kriegsgefallenendenkmal",,,,"Granit","Altes Gymnasium, Schulhof","Selckstraße 1",,,,,Gedenkstein Fl,
47,"Wandgemälde ","Käte Lassen",,"1912",,"Unesco-Schule Weiche, Heilandskapelle Weiche","Sylter Straße 7",,,ist Bestandteil des denkmalgeschützten Gebäudes,,"Denkmal Fl",
48,"Metallrelief, mehrteilig","Uwe Appold",,"1980","Stahl u.a.","JAW, eingelagert in der Petrischule","Eckener Straße 28","JAW","JAW","vormals JAW Am Dammhof, in Zusammenarbeit mit Jugendlichen , Betreuern und Lehrkräften entstanden","Infomappe v. U. Appold","Kunst Fl","Herr Thede, Tel -2787"
49,"2 Gemälde","Uwe Michelsen","1987","1987, 2012",Öl auf Leinwand auf Spanplatte,"JAW, Eingangsbereich und Seminar-raum","Eckener Straße 28","JAW","JAW",vormals JAW Johannisstraße/Am Dammhof und Apenrader Straße 111,,"(Kunst Fl)","Herr Thede, Tel -2787"
5,"""Die Springende"" oder ""Die Springerin""","Wolfram Heumann",,"1964","Bronze","Am Campusbad (vorher: Bahnhofstr., vor dem Hallenbad)","Thomas-Fincke-Straße 19","Stadt FL",,"Zur Einweihung des Hallenbades gestiftet",,"Kunst Fl",
51,"Glasfenster","Ernst Günter Hansing",,"1971","Glas, Blei","Wirtschaftsschule HLA, Eingang, Vorhalle","Marienallee 5",,,,,"Kunst Fl","Fr. Buck, Schulleitung"
52,"4 abstrakte Skulpturen",,,,"Granit, Eisen, Stahl","Fachschule für Technik und Gestaltung, Freifläche","Schützenkuhle 20-24",,,,,"Kunst Fl","Hr. Ageley, Hausmeister"
55,"""Pylone"", Skulptur","Uwe Appold",,"1991","Balmoral Granit/Finnland, grobkörnig","Hannah-Arendt-Schule und Eckener Schule, Schulhof","Friesische Lücke 17",,,,"Infomappe v. U. Appold","Kunst Fl","Hr. Conrad"
56,"""Tisch"", Skulptur","Uwe Appold",,"1993",Balmoral Granit/Finnland,"Hannah-Arendt-Schule, hinter Werkstattgebäude B, Außenbereich","Friesische Lücke 17",,,,"Infomappe v. U. Appold","Kunst Fl","Hr. Conrad"
58,Holzskulptur (Drache mit Nationalitäten),,,,"Holz","KiTa Schwedenheim, zur Bahnhofstr.","Helenenallee 17",,,,,"Sonst. Obj. Fl",
59,"Kunst am Bau, Schildkröten-Relief","Anke Bohstedt","1976",,"Kupferblech, Beton","KiTa Stuhrsallee, Eingang","Stuhrsallee 16-18",,,,,"Kunst Fl",
6,"Glasbildkasten ""Figuren im Innenraum"" ","Ekkehard Thieme","1973","1974","Glas, Eisen","Technisches Rathaus II, 1. Etage (vorher: Schule Engelsby)","Schützenkuhle 26","Stadt FL",,"B 130x H 170 cm","Kat. Ekkehard Thieme, Kunst im öffentlichen Raum, Kunstverein Flensburg, 2002","Kunst Fl",
60,"Kunst am Bau, Schlange oder Wurm ","Ulrich Beier",,,Krenzheimer Muschelkalk,"KiTa Tarup, Sandkiste","Sandbergweg 17a",,,"bei Schulbau errichtet",,"Kunst Fl",
61,"Kunst am Bau, Wasserspiel mit Drachen-Skulptur",,,"1995","Plastik, Gummi, Metall","KiTa Integrative Kneipp Kita Weiche, Lichthof, im Teich","Bahnstr. 2",,"Stadt Flensburg",,,"Kunst Fl","Frau Penker"
62,"Wasserwand","Wieland Schmidtke, Büro WES & Partner, Hamburg",,"1997","Granit, Aluminium, Beton","Dienstleistungszentrum am Rathaus","Rathausplatz",,,,,"Kunst Fl",
63,"""Der kleine Seifenbläser""","Heinz Weddig","1898","1932/2009","Marmor ","Diakonissenanstalt, Lukashalle","Marienhölzungsweg 2",,,"vormals im Stadtpark. Geschenk des Künstlers an die Stadt. Dauerleihgabe des Museumsbergs, Restaurierung unterstützt vom VVF",,"Kunst Fl",
64,"Relief Emmi Leisner","Heinrich Oettinger",,,"Bronze","Deutsches Haus, Foyer","Friedrich-Ebert-Straße 7",Gestiftet von VVF und Freundeskreis Emmi Leisner,,"Initiative des VVF",,"Kunst Fl",
65,"Relief Paul Ziegler","Heinrich Oettinger",,,"Bronze","Deutsches Haus, Foyer","Friedrich-Ebert-Straße 7",,,Initiative des VVF und des Vereins Flensburger Baukultur e.V.,,"Kunst Fl",
66,"5 Zeichnungen, koloriert","Käte Lassen",,,"Tusche, Bleistift, Wasserfarben auf Papier","Käte-Lassen-Schule, Käte-Lassen-Zimmer","Mommsenstraße 45",,"Schulleitung?",,,"(Kunst Fl)","Hr. Sellmer, Schulleitung"
67,"Skulptur Ochse oder Bulle",,,"1954/55","Kalkstein","Fruerlund-Schule, Schulhof","Bohlberg 56/58",,,beim Bau der Schule aufgestellt als Denkmal für Bauleiter Herr Bull oder ursprüngliche Nutzung des Baugrunds als Weideplatz für Ochsen?,"Schulchronik","Kunst Fl","Fr. Hoffmann, Sekretariat"
68,"""Die Mauer"" (Betonskulptur, Länge 18m, Höhe 2m, Tiefe 0,6m)","Jan Erbin Pfohl",,"1968","Beton","Falkenbergschule, Schulhof","Emil-Nolde-Straße 31","Stadt FL?",,"mit dem Bau errichtet, Doku an Herrn Fokuhl","Zeitungsartikel 10.1968","Kunst Fl","Hr. Fokuhl, Schulleitung"
7,"""Holmnixe""","Ulrich Beier",,"1976/1977","Krenzheimer Muschelkalk","Nikolaistraße","Nikolaistraße","Stadt FL",,,,"Kunst Fl",
70,"""Reliefwand"" aus Kiefernholz","Uwe Appold",,"1975","Holz",Gemeindesaal der Ev.-luth. Christus-Kirchengemeinde Mürwik,"Fördestraße 6",Ev.-luth. Christus-Kirchengemeinde Mürwik,,"ursprünglich Zweigstelle der Deutschen Bank, Fördestraße 74",,"Kunst Kirche",
71,Kiefernholztafeln und Reliefs zum Themenkreis Mensch und Landschaft,"Uwe Appold",,"1978","Holz","Deutsche Bank, Treppenhaus","Rathausstraße 10-12","Deutsche Bank",,,,"Kunst privat",
72,"""Küstenbilder von der Flensburger Förde""","Uwe Appold",,"um 1979",Dispersion auf Fa-serzementplatten,"ehem. Nospa-Filiale, Giebel ","Duburger Straße 70","privat?",,,,"Kunst privat",
73,"""Die Welle"" Brunnen","Uwe Appold","1987","1987","Bronze, Anröchter Dolomit, Granit","Platz in der St.-Jürgen-Straße ",St.-Jürgen-Straße (vor Nr. 47-49),,,vormals St.-Jürgen-Straße bei der St.-Jürgen-Treppe,"Infomappe v. U. Appold","Kunst Fl",
74,"St.-Nikolaus-Relief","Uwe Appold","1990","1990","Bronze","an der St.-Nikolai-Kirche","Nikolaikirchhof 8",Ev.-luth. Nikolai-Kirchengemeinde ,,,,Denkmal Kirche,
75,"Kindergartenkinder ","Uwe Appold",,"1993","Stahlblech, lackiert","Dansk Børnehave","Ritterstraße 5",,,,"Infomappe v. U. Appold","Kunst SdU",
77,"""Baum der lebendigen Partnerschaft"" und ""Kopf"" ( Baumhöhe 10,0 m","Uwe Appold",,"1998","Leimholz, Edelstahl V2A","HBK Dethleffsen ","Schleswiger Straße 135","HBK Dethleffsen (?)",,"Der Baum wurde 2014 zerstört, der Standort des Kopfes verändert","Infomappe v. U. Appold","Kunst privat",
78,"Mobile Gottesdienstausstattung: Altar, Taufe, Taufbaum, Liedständer, Bibelhalter, Altarkreuz, Leuchter, Vase, Fenster. ","Uwe Appold",,"2008","Edelstahl, Echtantikglas, Blattgold","Ev.-luth. Gemeindezentrum Fruerlund","Fruerlundhof 1","Ev.-luth. Kirchengemeinde Fruerlund",,,,"Kunst Kirche",
79,"""Denkmal für die Regenwolke"", Brunnenanlage","Uwe Appold","2007","2008","Edelstahl V2A, angeschliffen","SBV-Gebäude, vor dem Haupteingang ","Willi-Sander-Platz 1",Selbsthilfe-Bauverein eG (SBV) und Stadtwerke,"SBV","komplizierte Wassertechnik","SBV Blatt 06.2008","Kunst SBV","Imke Voigtländer, Presse SBV"
8,"Kunst am Bau","Ulrich Beier",,"1981",,"Fördegymnasium","Elbestraße 10","Stadt FL (Stiftung Bildende Kunst)",,"unklar was gemeint ist, evtl. lfd. Nr. 127?",,nicht feststellbar,
80,"Skulptur ""Mittelpunkt Mensch""","Siegbert Amler",,"2012","Bronze","vor dem Gemeinschaftshaus 360 Grad","Mürwiker Straße 28-30","Selbsthilfe-Bauverein eG, diverse Sponsoren","SBV",,,"Kunst SBV",
81," Farb- und Gestaltungskonzept für St. Gertrud: Gottesdienstraum, Wand-gestaltung, Glasfenster, Hinterglasmalerei, Ambo",Uwe Appold,,2009/10,,St. Gertrud,Marienhölzungsweg 51,Ev.-luth. Kirchengemeinde St. Gertrud,,,,Kunst Kirche,
